[{
    "Nom" : "Le berlioz",
    "Prix" : 80,
    "Description" : "Ganache chocolat noir Vénézuéla.",
    "AvailableQuantity" : 300,
    "Image" : "assets/Images/ganache_berlioz.png",
    "Categorie" : "ganaches"
}, {
    "Nom" : "Le palet d'or",
    "Prix" : 78,
    "Description" : "Ganache café corsé. Disponible en Noir et Lait ",
    "AvailableQuantity" : 200,
    "Image" : "assets/Images/ganache_palet-or.png",
    "Categorie" : "ganaches"
}, {
    "Nom" : "L'Alibaba",
    "Prix" : 75,
    "Description" : "Praliné noisettes au sésame grillé. ",
    "AvailableQuantity" : 300,
    "Image" : "assets/Images/ganache_alibaba.png",
    "Categorie" : "ganaches"
}, {
    "Nom" : "Le fabiola",
    "Prix" : 85,
    "Description" : "Ganache à la fine champagne, noix (en saison) (uniquement au chocolat au lait). (spécialité)",
    "AvailableQuantity" : 150,
    "Image" : "assets/Images/ganache_fabiola.png",
    "Categorie" : "ganaches"
}, {
    "Nom" : "Le symphonie",
    "Prix" : 80,
    "Description" : "Ganache noix de coco, au lait de coco. Disponible en chocolat Noir et Lait",
    "AvailableQuantity" : 250,
    "Image" : "assets/Images/ganache_symphonie.png",
    "Categorie" : "ganaches"
}

, {
    "Nom" : "Le roche terre d'ivoire",
    "Prix" : 90,
    "Description" : "Abricots, feuilletines.",
    "AvailableQuantity" : 400,
    "Image" : "assets/Images/croquant_rocher-terre-ivoire.png",
    "Categorie" : "croquants"
}, {
    "Nom" : "Le croquentin",
    "Prix" : 92,
    "Description" : "Bâtonnets d'amandes caramélisées, riz soufflé.",
    "AvailableQuantity" : 250,
    "Image" : "assets/Images/croquant_croquentin.png",
    "Categorie" : "croquants"
}, {
    "Nom" : "Le pyrénéen",
    "Prix" : 82,
    "Description" : "Noisettes entières grillées caramélisées avec un soupçon de praliné.",
    "AvailableQuantity" : 300,
    "Image" : "assets/Images/croquant_pyrenees.png",
    "Categorie" : "croquants"
}, {
    "Nom" : "Le bourbon",
    "Prix" : 85,
    "Description" : "Praliné amandes- noisettes, décor noix.",
    "AvailableQuantity" : 300,
    "Image" : "assets/Images/croquant_bourbon.png",
    "Categorie" : "ganaches"
}, {
    "Nom" : "Le classique cacahuete",
    "Prix" : 75,
    "Description" : "Praliné cacahuètes, soufflétines.",
    "AvailableQuantity" : 250,
    "Image" : "assets/Images/croquant_cahuete.png",
    "Categorie" : "croquants"
}

, {
    "Nom" : "Le saint Louis",
    "Prix" : 84,
    "Description" : "Praliné amandes noisettes, éclats d’amandes.",
    "AvailableQuantity" : 300,
    "Image" : "assets/Images/praline_saint-louis.png",
    "Categorie" : "pralines"
}, {
    "Nom" : "Le bourbon",
    "Prix" : 85,
    "Description" : "Praliné amandes- noisettes, décor noix. ",
    "AvailableQuantity" : 300,
    "Image" : "assets/Images/croquant_bourbon.png",
    "Categorie" : "pralines"
}, {
    "Nom" : "L'Alibaba",
    "Prix" : 75,
    "Description" : "Praliné noisettes au sésame grillé.",
    "AvailableQuantity" : 300,
    "Image" : "assets/Images/ganache_alibaba.png",
    "Categorie" : "pralines"
}, {
    "Nom" : "Le Napoléon",
    "Prix" : 79,
    "Description" : "Praliné pur amandes.",
    "AvailableQuantity" : 440,
    "Image" : "assets/Images/pralline_napoleon.png",
    "Categorie" : "pralines"
}, {
    "Nom" : "Le saragosse",
    "Prix" : 81,
    "Description" : "Praliné amandes noisettes, éclats d’amandes caramélisées.",
    "AvailableQuantity" : 720,
    "Image" : "assets/Images/praline_saragosse.png",
    "Categorie" : "pralines"
}]